{"mean":{"confidence_interval":{"confidence_level":0.95,"lower_bound":0.0009172025573341632,"upper_bound":0.007218738144626491},"point_estimate":0.004162584103806433,"standard_error":0.0016051979993293912},"median":{"confidence_interval":{"confidence_level":0.95,"lower_bound":0.0022882309963672414,"upper_bound":0.006121640628305114},"point_estimate":0.0038877809701276522,"standard_error":0.0010500126037470356}}