{"mean":{"confidence_interval":{"confidence_level":0.95,"lower_bound":94.48132902422006,"upper_bound":94.79513987092255},"point_estimate":94.63209631675323,"standard_error":0.07991639034398935},"median":{"confidence_interval":{"confidence_level":0.95,"lower_bound":94.34364749374775,"upper_bound":94.65351899095168},"point_estimate":94.4977279641883,"standard_error":0.07287676731576573},"median_abs_dev":{"confidence_interval":{"confidence_level":0.95,"lower_bound":0.49390345417342313,"upper_bound":0.8167038847415105},"point_estimate":0.6674621874286616,"standard_error":0.08626839943293922},"slope":{"confidence_interval":{"confidence_level":0.95,"lower_bound":94.53301269765477,"upper_bound":94.86543435457422},"point_estimate":94.68839980183091,"standard_error":0.0846761011790601},"std_dev":{"confidence_interval":{"confidence_level":0.95,"lower_bound":0.6425694538685656,"upper_bound":0.9528504084599188},"point_estimate":0.8026613074757376,"standard_error":0.07957305913679008}}