{"mean":{"confidence_interval":{"confidence_level":0.95,"lower_bound":0.0020915805875668936,"upper_bound":0.007241938191851227},"point_estimate":0.004555702763952896,"standard_error":0.0012870047739655824},"median":{"confidence_interval":{"confidence_level":0.95,"lower_bound":0.0020247120924041795,"upper_bound":0.00496475066050972},"point_estimate":0.0032846297037780747,"standard_error":0.0007212538272850892}}