{"mean":{"confidence_interval":{"confidence_level":0.95,"lower_bound":-0.012744335484285359,"upper_bound":-0.00228902696212939},"point_estimate":-0.006756052523722689,"standard_error":0.0027061836563554934},"median":{"confidence_interval":{"confidence_level":0.95,"lower_bound":-0.00558403195591628,"upper_bound":-0.002189791669270469},"point_estimate":-0.0035084448977762417,"standard_error":0.0008851032617832179}}