{"mean":{"confidence_interval":{"confidence_level":0.95,"lower_bound":-0.01105305795816626,"upper_bound":0.012131567748264549},"point_estimate":0.00265371724177621,"standard_error":0.006120557294905561},"median":{"confidence_interval":{"confidence_level":0.95,"lower_bound":0.0019243464318519088,"upper_bound":0.00757230395658115},"point_estimate":0.005017990745033174,"standard_error":0.0014992986421757336}}