{"mean":{"confidence_interval":{"confidence_level":0.95,"lower_bound":-0.008376839641671437,"upper_bound":0.017412027651425348},"point_estimate":0.005900650586829537,"standard_error":0.006608586357154294},"median":{"confidence_interval":{"confidence_level":0.95,"lower_bound":0.0006714330707189298,"upper_bound":0.003050797521119586},"point_estimate":0.0021265569388608796,"standard_error":0.000601922687632721}}