{"mean":{"confidence_interval":{"confidence_level":0.95,"lower_bound":-0.0027695164776767446,"upper_bound":0.007475381263963771},"point_estimate":0.0032242438023475373,"standard_error":0.002681804420083544},"median":{"confidence_interval":{"confidence_level":0.95,"lower_bound":0.003160442489754889,"upper_bound":0.007388175610798007},"point_estimate":0.005652830988166491,"standard_error":0.001064680510762532}}