{"mean":{"confidence_interval":{"confidence_level":0.95,"lower_bound":-0.026176083328179597,"upper_bound":-0.003166603490339644},"point_estimate":-0.011924200492063997,"standard_error":0.006482237692936242},"median":{"confidence_interval":{"confidence_level":0.95,"lower_bound":-0.008882163266985876,"upper_bound":-0.0004225254332228479},"point_estimate":-0.0038745841809844084,"standard_error":0.0018900324376962653}}