{"mean":{"confidence_interval":{"confidence_level":0.95,"lower_bound":-0.04169826933824401,"upper_bound":0.00176544561811845},"point_estimate":-0.017108855550063362,"standard_error":0.011225266660404125},"median":{"confidence_interval":{"confidence_level":0.95,"lower_bound":-0.0008005832844815153,"upper_bound":0.0023737638479872647},"point_estimate":0.000191398238889251,"standard_error":0.0008055698436779964}}