{"mean":{"confidence_interval":{"confidence_level":0.95,"lower_bound":0.007416624578008613,"upper_bound":0.02105314148155993},"point_estimate":0.012875224725958923,"standard_error":0.003767089688807086},"median":{"confidence_interval":{"confidence_level":0.95,"lower_bound":0.0022915940031591475,"upper_bound":0.013322854680049012},"point_estimate":0.00614539209783227,"standard_error":0.0028512295463390307}}