{"mean":{"confidence_interval":{"confidence_level":0.95,"lower_bound":-0.03306438126182499,"upper_bound":-0.00018820272822569573},"point_estimate":-0.013829784170694581,"standard_error":0.008632643498504901},"median":{"confidence_interval":{"confidence_level":0.95,"lower_bound":-0.009985721067412258,"upper_bound":-0.002279332342647349},"point_estimate":-0.006241522033284652,"standard_error":0.001977775505141872}}