{"mean":{"confidence_interval":{"confidence_level":0.95,"lower_bound":0.003965532735173283,"upper_bound":0.01947054441351687},"point_estimate":0.011371062307889312,"standard_error":0.0038709064093407045},"median":{"confidence_interval":{"confidence_level":0.95,"lower_bound":0.011664489672135181,"upper_bound":0.01692835467870424},"point_estimate":0.015020390450479981,"standard_error":0.0012351921645060487}}