{"mean":{"confidence_interval":{"confidence_level":0.95,"lower_bound":89.47484473705914,"upper_bound":89.86621181276111},"point_estimate":89.66218058254054,"standard_error":0.1000008383588725},"median":{"confidence_interval":{"confidence_level":0.95,"lower_bound":89.23683387787291,"upper_bound":89.49860784624191},"point_estimate":89.33873432126451,"standard_error":0.08118082783011359},"median_abs_dev":{"confidence_interval":{"confidence_level":0.95,"lower_bound":0.39024835077884873,"upper_bound":0.7988714481152887},"point_estimate":0.5471748199352012,"standard_error":0.10948638943564104},"slope":{"confidence_interval":{"confidence_level":0.95,"lower_bound":89.57893739588928,"upper_bound":90.17681689092277},"point_estimate":89.87260225094971,"standard_error":0.1520941137696838},"std_dev":{"confidence_interval":{"confidence_level":0.95,"lower_bound":0.7337651553168121,"upper_bound":1.2516772187553524},"point_estimate":1.0019165046968197,"standard_error":0.1338513803361125}}