{"mean":{"confidence_interval":{"confidence_level":0.95,"lower_bound":0.004884378036391413,"upper_bound":0.009730930785039149},"point_estimate":0.007292888934179453,"standard_error":0.0012246118868283944},"median":{"confidence_interval":{"confidence_level":0.95,"lower_bound":0.0036897232966492943,"upper_bound":0.01059855856748082},"point_estimate":0.008039801144320347,"standard_error":0.0019586997228648994}}