{"mean":{"confidence_interval":{"confidence_level":0.95,"lower_bound":0.008956164618086715,"upper_bound":0.023723547874515978},"point_estimate":0.016003039797491514,"standard_error":0.0037485151334788725},"median":{"confidence_interval":{"confidence_level":0.95,"lower_bound":0.014989571965575044,"upper_bound":0.020099473107316822},"point_estimate":0.018031864798861985,"standard_error":0.0013221652031725746}}