{"mean":{"confidence_interval":{"confidence_level":0.95,"lower_bound":-0.008081154275010436,"upper_bound":0.0008960604214206123},"point_estimate":-0.003090060627980451,"standard_error":0.002305625503943331},"median":{"confidence_interval":{"confidence_level":0.95,"lower_bound":-0.000898111997483686,"upper_bound":0.0024475447949952045},"point_estimate":0.0012775477144466585,"standard_error":0.0008482492105532156}}